{
  "id": "",
  "name": "",
  "font_family": "iconfont",
  "css_prefix_text": "icon-",
  "description": "",
  "glyphs": [
    {
      "icon_id": "4625748",
      "name": "数据",
      "font_class": "shuju",
      "unicode": "e7ee",
      "unicode_decimal": 59374
    },
    {
      "icon_id": "5240610",
      "name": "手机 (1)",
      "font_class": "shouji",
      "unicode": "e6e5",
      "unicode_decimal": 59109
    },
    {
      "icon_id": "6862344",
      "name": "数据",
      "font_class": "shuju1",
      "unicode": "e50a",
      "unicode_decimal": 58634
    },
    {
      "icon_id": "8913141",
      "name": "放大镜",
      "font_class": "fangdajing",
      "unicode": "e633",
      "unicode_decimal": 58931
    },
    {
      "icon_id": "13960171",
      "name": "微信",
      "font_class": "weixin",
      "unicode": "e68a",
      "unicode_decimal": 59018
    },
    {
      "icon_id": "14682959",
      "name": "微信",
      "font_class": "weixin1",
      "unicode": "e87e",
      "unicode_decimal": 59518
    },
    {
      "icon_id": "17306229",
      "name": "售后保障",
      "font_class": "shouhoubaozhang",
      "unicode": "e651",
      "unicode_decimal": 58961
    },
    {
      "icon_id": "19249694",
      "name": "无隐形收费",
      "font_class": "wuyinxingshoufei",
      "unicode": "e63e",
      "unicode_decimal": 58942
    },
    {
      "icon_id": "19824099",
      "name": "上箭头",
      "font_class": "down",
      "unicode": "e501",
      "unicode_decimal": 58625
    }
  ]
}
